,comany,rating,services,address
0,Harsh Technologies,3 ,Software Training Institutes,Ameerpet Hyderabad - 500016
1,SteadFast Migration Solutions Private Limited,0 ,Education Consultants,Dilsukh Nagar Hyderabad - 500060
2,Redfire Digital Agency Private Limited,0 ,Software Training Institutes,S R Nagar Hyderabad - 500038
3,Tanvi Soft Solutions,1,Software Training Institutes,Ameerpet Hyderabad - 500016
4,Aspire Edu and IT Solutions,0 ,Education Consultants,Suchitra Cross Road Hyderabad - 500066
5,CMS Training Institute,0 ,"Hardware And Network Tra, Software Certifications, Training Institutes",Paradise Hyderabad - 500003
6,Abhyaas,1,"Entrance Exams Coaching Centres, Training Institutes",Kukatpally Hyderabad - 500072
7,Spoorthy Study Circle,1,Competitive Exams,Narayanguda Hyderabad - 500029
8,St. Pauls Teacher Training Institute,0 ,Spoken English Institutes,Qutubullapur Hyderabad - 500090
9,MAT Software Solutions Private Limited,0 ,Training Institutes,Ameerpet Hyderabad - 500016
10,NSB (National School of Banking),0 ,Competitive Exams,Ameerpet Hyderabad - 500016
11,Mech Wind Technologies,0 ,Software Certifications,Ameerpet Hyderabad - 500016
12,Laaptech IT Service,0 ,Software Training Institutes,Ameerpet Hyderabad - 500016
13,Made Easy,0 ,Uniforms,Koti Hyderabad - 500095
14,Lakhotia Institute of Design,0 ,"Fashion Designing Training , Training Institutes",Abids Hyderabad - 500001
15,Aptech Computer Education,0 ,"Hardware And Network Tra, Software Training InstitutesTraining Institutes",Mehdipatnam Hyderabad - 500028
16,KVN Dancing Studio,0 ,Dance Academies,Manikonda Hyderabad - 500089
17,Visit Spoken English,0 ,Spoken English Institutes,Ameerpet Hyderabad - 500016
18,CS Tech Soft,0 ,Software Training Institutes,Ameerpet Hyderabad - 500016
19,LR Cadzone Solutions Private Limited,0 ,"Project Management Trainin, Software Training InstitutesTraining Institutes",Ameerpet Hyderabad - 500016
20,Digital Marketing Institute of Hyderabad,1,Training Institutes,Ameerpet Hyderabad - 500016
21,VIPs International School,1,Education Schools,Mehdipatnam Hyderabad - 500028
22,Kelly Technologies,0 ,Training Institutes,Ameerpet Hyderabad - 500016
23,Mentors,0 ,Software Training Institutes,Ameerpet Hyderabad - 500016
24,Z. M. Classes,1,Tuitions,Kamatipura Hyderabad - 500064
