,comany,rating,services,address
0,Harsh Technologies,3 ,Software Training Institutes,Ameerpet Hyderabad - 500016
1,SteadFast Migration Solutions Private Limited,0 ,Education Consultants,Dilsukh Nagar Hyderabad - 500060
2,Mech Wind Technologies,0 ,Software Certifications,Ameerpet Hyderabad - 500016
3,Redfire Digital Agency Private Limited,0 ,Software Training Institutes,S R Nagar Hyderabad - 500038
4,Abhyaas,1,"Entrance Exams Coaching Centres, Training Institutes",Kukatpally Hyderabad - 500072
5,Tanvi Soft Solutions,1,Software Training Institutes,Ameerpet Hyderabad - 500016
6,MAT Software Solutions Private Limited,0 ,Training Institutes,Ameerpet Hyderabad - 500016
7,St. Pauls Teacher Training Institute,0 ,Spoken English Institutes,Qutubullapur Hyderabad - 500090
8,NSB (National School of Banking),0 ,Competitive Exams,Ameerpet Hyderabad - 500016
9,Aspire Edu and IT Solutions,0 ,Education Consultants,Suchitra Cross Road Hyderabad - 500066
10,Spoorthy Study Circle,1,Competitive Exams,Narayanguda Hyderabad - 500029
11,CMS Training Institute,0 ,"Hardware And Network Tra, Software Certifications, Training Institutes",Paradise Hyderabad - 500003
12,Aptech Computer Education,0 ,"Hardware And Network Tra, Software Training InstitutesTraining Institutes",Mehdipatnam Hyderabad - 500028
13,VIPs International School,1,Education Schools,Mehdipatnam Hyderabad - 500028
14,Kelly Technologies,0 ,Training Institutes,Ameerpet Hyderabad - 500016
15,KVN Dancing Studio,0 ,Dance Academies,Manikonda Hyderabad - 500089
16,Made Easy,0 ,Uniforms,Koti Hyderabad - 500095
17,Lakhotia Institute of Design,0 ,"Fashion Designing Training , Training Institutes",Abids Hyderabad - 500001
18,CS Tech Soft,0 ,Software Training Institutes,Ameerpet Hyderabad - 500016
19,LR Cadzone Solutions Private Limited,0 ,"Project Management Trainin, Software Training InstitutesTraining Institutes",Ameerpet Hyderabad - 500016
20,Visit Spoken English,0 ,Spoken English Institutes,Ameerpet Hyderabad - 500016
21,Z. M. Classes,1,Tuitions,Kamatipura Hyderabad - 500064
22,Digital Marketing Institute of Hyderabad,1,Training Institutes,Ameerpet Hyderabad - 500016
23,Mentors,0 ,Software Training Institutes,Ameerpet Hyderabad - 500016
24,Laaptech IT Service,0 ,Software Training Institutes,Ameerpet Hyderabad - 500016
